0.0 242.4286823911285 ;1.0 1.0 1.0 1.0 1.0 
0.9399567378607302 241.77991863934082 ;1.0 0.9819231420049952 0.7900445690503628 1.0 0.9993176170095762 
0.9478342863531691 240.01041685148428 ;0.9716621657556357 0.9457776047548507 0.9525695490114197 1.0 1.0 
0.9776615805977034 239.6608953166913 ;0.9605440194806594 1.0 0.949160777693823 0.9784933164035455 0.9967028430508678 
0.9845468397656338 239.48050350865518 ;1.0 1.0 0.8893890572228238 1.0 1.0 
0.9916485082711534 238.25913057558887 ;0.99055226892007 0.9685865292486714 0.9920136842241747 1.0 0.9671695880196297 
1.0493976743133326 238.0053337766184 ;0.9204017979289078 0.9780530920317119 0.7829172554775891 1.0 1.0 
1.0595252702375917 237.67398092778308 ;0.9275212215865414 0.9771997096334738 0.917427611576465 1.0 1.0 
1.066828668959217 237.0904052668687 ;1.0 0.9438833002474589 0.9127912899229124 0.9822924240928701 0.9329060955235747 
1.104578336470024 236.37208031854254 ;0.9122639428772682 0.9338526236338899 0.9400981316552486 0.9200452218161358 0.9897824935430058 
1.128495802094853 235.47445870395893 ;0.8855853401047602 1.0 0.7787304088460765 1.0 1.0 
1.192512993161882 235.01346356788392 ;0.8554585962436805 0.9864940275554474 0.7707073326541842 0.9962084480741512 0.9659977026866153 
1.2159930552652924 234.9162755988921 ;0.8218193199709556 1.0 0.9895249197009857 1.0 1.0 
1.2502994572400818 234.79372267401837 ;0.8432305426709976 0.986389434157559 0.8603005090666912 1.0 1.0 
1.2751019886390658 233.7313131161175 ;0.7884357405342989 1.0 0.9796343779926321 1.0 1.0 
1.2874547609628222 233.66776066888258 ;0.8608340242765422 0.6658095497732821 0.9996019190132256 0.969160195298514 1.0 
1.2878160308762683 233.02718985156372 ;0.7564493144921653 0.9874518004828754 0.9975321787085694 1.0 1.0 
1.3477091372543062 232.99356895695337 ;0.7706321218732852 1.0 1.0 0.9151391579208801 1.0 
1.3922381947023073 232.56068903253149 ;0.7941484893920173 0.9438833002474589 0.9898118353167707 0.9782724466135383 0.9840416526473765 
1.4291578046604916 230.7856394759379 ;0.7988669802059266 0.8331233019552952 0.9938021347766578 0.9420694402484553 0.9429652998777841 
1.535940539447957 229.761819443916 ;0.7907074853523008 1.0 0.6595109373984738 0.9914886846441415 0.9405660006073627 
1.6422286448664905 229.71797682837936 ;0.752732384292761 0.9529949604015117 0.5580972487618479 0.8660571337739635 0.9912798036733053 
1.6910401630300187 228.72527402607733 ;0.6380102077573743 1.0 0.9333516759439613 1.0 1.0 
1.6915471762594558 228.26229356399506 ;0.6825940067256941 1.0 0.5054282714313585 0.9639331259514038 1.0 
1.7868046515437994 227.9020517906929 ;0.6083610049284578 1.0 0.8403645131760242 1.0 1.0 
1.8411235633076184 227.049356450383 ;0.5988901048966704 0.969016688828767 0.892397590167539 0.9937464883280159 1.0 
1.9849767390539685 225.7395493588573 ;0.5346997089275339 1.0 0.9482594684066881 0.9928614224832611 0.9468854423437167 
2.0293297019353895 224.92996622117784 ;0.5275828846440337 1.0 0.8626777488681148 1.0 1.0 
2.2150670619362827 224.48159878202924 ;0.5015177239681516 0.9732174584180697 0.9686733521017342 0.9416967391993821 1.0 
2.223097144525282 223.29113037195197 ;0.48787558982578316 0.9674428662297175 0.9273147157533826 1.0 0.9518876928291696 
2.374905159259387 222.54937726873501 ;0.48194110653711186 0.960066453889597 0.8721590389202879 1.0 0.9398576159469545 
2.4198742989836934 221.73842438323453 ;0.4733433704048032 0.9749682578515291 0.8226845343098176 0.9968709882422403 0.9624810481478361 
2.5690371164856147 220.91201804642841 ;0.45168517119708185 0.9950712510144367 0.8059944542553028 1.0 0.9923661554153386 
2.5871161010287738 220.62036223598568 ;0.41775795840781477 0.9776800363724126 0.9581556380423606 1.0 0.9969944663918998 
2.600115174642251 219.40442787241804 ;0.4218597227834202 0.9570617833692998 1.0 0.9633813953830719 0.9991767446688682 
2.696458817042836 219.22155999417552 ;0.444813345574549 0.9747462175106395 1.0 1.0 0.8573123707843405 
2.717557998961645 217.80962581431834 ;0.41436849204426374 0.9524084984378982 0.9953273719350035 1.0 0.9310295398663908 
2.8944347950267493 217.80172170595168 ;0.4222211311230475 0.9962256845713513 0.967278767779037 0.9437166996936031 0.8795918325387035 
2.9278962066273735 216.85582867595465 ;0.39251293305834245 0.9882916130704242 0.8708850970503909 0.9377614088661957 0.9936580227619867 
3.0189223719816516 216.4917367835577 ;0.3668022566414969 0.9999260132316913 0.7394654926287042 1.0 1.0 
3.077047730590767 215.72278387655436 ;0.36222772241148454 0.9350950419581611 0.6951747156781773 1.0 1.0 
3.2278998446136105 215.38324563747344 ;0.3384729555880723 0.9967361712792837 1.0 1.0 0.9372758102114576 
3.2459800221324806 214.66931556915972 ;0.36090731116424246 0.9965169258380681 0.9955200641174052 0.9838232616312614 0.8792922033678127 
3.3001380375608727 213.93581346762508 ;0.36110432213919724 0.9996781049437977 0.9778859869462009 0.9996499135544584 0.8762945016535364 
3.3891000119765033 213.7979845419663 ;0.3755052170165471 1.0 0.9400713299692299 0.9710524231147108 0.8304299702518276 
3.406674677790866 213.4052905797901 ;0.3258828309521663 0.9998893847874051 1.0 0.9528883139493509 0.9927882831615794 
3.4336938874634364 213.10591221632512 ;0.3610279778126373 0.9972764679381935 0.8667923774427184 1.0 0.8831802916828851 
3.4764875071350057 212.92813999979376 ;0.3187366558391671 0.9565612001449285 0.8085030614696647 1.0 0.9838142331760824 
3.5339462873291425 211.8693910341664 ;0.3019991933694499 0.9380879822730009 0.944465206368855 1.0 0.9907353091865744 
3.683386120969563 211.37770590094996 ;0.3179938431269094 0.9776098441550704 0.829786857545779 0.9547926157789867 0.9322844325752417 
3.7966291291665346 209.5886520896724 ;0.3160513643401554 0.9619558400307964 1.0 1.0 0.8700453492429231 
3.937860877075255 209.532151851454 ;0.2922082428033802 0.9950054299264967 0.5340684083099864 1.0 0.9228950695567145 
3.9545420510142577 209.3174649213805 ;0.28698794308140096 1.0 0.8897893066909078 0.8932353670739629 0.9746262516157005 
3.9681226447156055 208.16603411136757 ;0.27302305021235085 1.0 0.7478501090953141 1.0 0.9647758278881096 
4.08040861735254 207.8767545871104 ;0.24899733182827108 0.9993736063999825 0.8272453411346984 1.0 1.0 
4.258501371685666 207.07723557841356 ;0.24664053714691483 0.9489868943090717 0.9403735844622544 0.9602433541691319 1.0 
4.32590392971146 205.88434986967258 ;0.22704214461369832 0.9794063904852615 0.7799675108339761 1.0 0.9984171175602994 
4.433905181960045 205.81212550484344 ;0.24972856930425186 0.9608000061819921 0.8012751488440937 1.0 0.898485466394144 
4.472008869851852 205.64435833247734 ;0.21400523045342795 1.0 0.9806122400407548 1.0 0.9946540110938642 
4.476649110094088 205.29518723697353 ;0.25256618566493877 0.9981140003620063 0.91711254783574 0.9873267002670255 0.8618144697511154 
4.505319073893286 205.16202975808744 ;0.23911641364751865 0.9454764989944427 0.9447351707441197 0.9888721691270522 0.9416732220079003 
4.527836052959162 204.49855401365474 ;0.24941370924122858 0.9861605032257881 0.8378664396208683 0.7478688152058085 1.0 
4.67713645974576 203.55369322834457 ;0.20958846483047938 0.9968581441225155 0.781712326168926 0.9988277589315964 0.9593894242012901 
4.828536723051284 203.14396566788412 ;0.22426658818421868 0.9401430614225446 0.9969325522928062 0.919985901073501 0.8918430622214215 
4.9733458541256965 202.66349242098357 ;0.2211662406922823 0.9438821643218435 0.8156048925500077 1.0 0.864100187439801 
4.998638260091649 202.32817833994395 ;0.237920294893674 0.9979949061639141 0.9971504802992448 0.9257806192571495 0.8057325044262071 
5.021787250855686 201.77091797640963 ;0.21151233565513727 0.9976268150555163 0.9019847593283059 0.9763217104333339 0.834835346868747 
5.153555376879758 201.36841507166 ;0.2211662406922823 0.8212165481221294 0.8156048925500077 1.0 0.864100187439801 
5.161940783665917 201.1582130663557 ;0.1951727764301901 0.8275757340904715 0.7842284955329645 1.0 0.9397600331400148 
5.180904939640836 201.07223752472515 ;0.19952766505073577 1.0 0.6252120350355586 0.8896374342789948 0.9425874639821553 
5.224431774297458 200.88617381437 ;0.1922752438759502 1.0 0.9051879094045214 1.0 0.9141651674921685 
5.301531501491581 200.14905259785957 ;0.17026100132395872 0.9639207582242383 0.9790137000307781 0.90778129570922 1.0 
5.3219871400236 199.77988831842998 ;0.21327801115735415 0.982880485853091 1.0 0.9543615924566553 0.7580481602202004 
5.3524920929424695 199.562406424624 ;0.1750982238338793 0.9842576213840716 0.8034597732205341 1.0 0.9098600609878853 
5.530988045902247 199.0715465707363 ;0.1669312528809011 0.9969477769074523 0.9231289210667385 1.0 0.9261642841337636 
5.560674996020608 198.43741465189356 ;0.18330672595604366 0.9988364289444649 0.765055039109293 0.9821151970859552 0.8749126925757983 
5.607848065881407 197.50892041469785 ;0.14944717093962215 0.99129500118875 0.90602819272655 0.945436712170942 1.0 
5.723655382465892 197.44997775977905 ;0.24164935381238362 0.9718137979768632 1.0 0.36757015276975924 1.0 
5.773704845931543 196.43830351380615 ;0.16898542303781242 0.9798826325270997 0.661302097918422 1.0 0.8646205897529988 
5.845857163270795 196.11094755633283 ;0.15414823700597768 0.9896090982279104 0.9887586448336698 0.9955641759578858 0.8780561398906526 
6.066386049490395 194.959498210404 ;0.15611301215555015 1.0 1.0 1.0 0.8070322662264502 
6.073150422156894 194.771072472575 ;0.16989126969096846 0.9769184890214518 0.8982212441865579 0.8143396551661096 0.8517217155682183 
6.137610735035246 194.1191155117932 ;0.16180902073040582 0.996984961771198 0.9312048335234442 0.932302729604151 0.7986358230367789 
6.321353785990647 194.0046798690733 ;0.1476749754264588 0.9928402466903107 0.9894178526602473 0.8534888498120526 0.8503750957173205 
6.390448758909363 193.9403636712043 ;0.17599503537479574 1.0 0.9464095331876852 0.8434722275369178 0.7078628443161797 
6.438462560929587 193.52804136787205 ;0.12788574596492144 0.9982688364689213 0.9344326667355972 0.9780401606318991 0.8468327211207403 
6.572912266943455 192.4427664509512 ;0.1314925694720014 0.9653167443656726 0.5987289891636643 1.0 0.8526339483474376 
6.615020365660788 192.34796894377604 ;0.11940131883758534 0.9266306079257105 1.0 0.7204835981830906 1.0 
6.686123487699402 191.78618469222394 ;0.2698739177934173 0.992508496938106 0.943023232133648 0.17802642839789568 1.0 
6.814215261621467 191.08676827645846 ;0.39885302878049333 0.9995821973423937 1.0 0.0 1.0 
6.857440319272553 191.08393879258156 ;0.13087041010933154 0.9995569026544198 0.9412880757569441 1.0 0.718492862773535 
6.858765439449791 190.53979797217448 ;0.12788574596492144 0.9990580117287954 0.9535275015882557 0.9831976933953003 0.7473580595748329 
6.923226086728122 190.3385651352392 ;0.392455905627624 0.9492016607511855 0.9915166384735024 0.02382244867460548 0.983831652571505 
7.028936735362701 189.52806728595647 ;0.2341349849575447 0.9937535734830176 0.9956945512036781 0.19401711858733248 1.0 
7.0871684420348435 189.27260145214865 ;0.3300634990815915 0.9611553485413278 0.952611389524795 0.0507781258420289 0.999754549934561 
7.107360727965696 188.26386292812154 ;0.3262274983394869 0.999179666412339 0.9651302279440237 0.0622182880696312 0.9739514409846057 
7.243573117108436 188.26020905494946 ;0.36658122723319453 0.9796509052360516 0.9746887923582674 0.0 1.0 
7.2477339322240475 188.2078506366744 ;0.34304847147243783 1.0 0.9962717352554668 0.01740606094140016 1.0 
7.291694846515941 187.8921283561194 ;0.23379125864702133 0.9989147793446689 1.0 0.16860281722761206 1.0 
7.305524590828893 186.20430279983051 ;0.32777196115456286 0.987612051944665 0.999439359542067 0.03617845622285694 1.0 
7.488744354711874 185.71496431979477 ;0.3496766119449334 0.9979665675037103 1.0 0.0 0.9960336691247962 
7.504060206572561 185.64835311436786 ;0.3146156270215552 0.9309984634599265 1.0 0.04840665455364509 1.0 
7.514295319007768 185.39258635656856 ;0.33840124325765075 0.9961682887915496 1.0 0.0 1.0 
7.607479239777055 185.21601699992544 ;0.3407376600285551 0.9952673930790319 0.7813410120144282 0.0 1.0 
7.6187399855509 184.72454563960548 ;0.32248737038719927 0.997030874607115 0.9335621319863593 0.02017758137105452 0.9781976328970311 
7.628933101507076 184.57767292552597 ;0.3220766184023228 1.0 0.930692453180769 0.02756417148070523 0.9697616174250713 
7.675573849701853 184.4847289863057 ;0.26465831757851843 0.9892343613625106 0.980302092744244 0.09213591326433035 0.991285772219477 
7.7990700748311 183.81750080877015 ;0.32643106985782266 0.9990015423134145 0.9593587870237389 0.0 1.0 
7.867742205189624 182.72812058169902 ;0.31554472968775543 0.9884328960246835 1.0 0.003981319850367322 0.9885588868939658 
7.868572321638662 182.02484036668866 ;0.32248737038719927 0.997030874607115 0.9335621319863593 0.0 1.0 
8.005867338435852 181.5332282921558 ;0.33405016758688433 0.93681340706806 0.9916489686814464 0.013484686342844249 0.8971216754318944 
8.00997320676628 181.27100446706854 ;0.26850685249608797 0.9848968856339496 0.8588576988947152 0.05521163650557165 1.0 
8.079456078861343 180.54643269841554 ;0.30397726273994874 0.9531725585831564 0.9507987609990822 0.002010930439631005 1.0 
8.134014668215876 179.86462956132658 ;0.300233797391559 1.0 0.978966362438913 0.008059894325609381 0.9704220541908485 
8.154321863885361 178.97155506029526 ;0.2609489355823713 0.9648097432661014 0.9969871806056436 0.05319356328798619 1.0 
8.292415667825724 178.53703018933584 ;0.29787607201161104 0.9980555394064103 1.0 0.002540692079939212 0.9754982487438988 
8.343578643201443 178.41905429590605 ;0.2930300143135136 0.9926538247190108 0.9478271458157658 0.012975594883343999 0.9753107202319445 
8.497892508871871 176.31572920415806 ;0.2807084719222014 0.9964092930525058 0.9727486910038989 0.0 1.0 
8.675846165759022 176.2781644250204 ;0.24763951127456807 0.9957342911653899 1.0 0.030196782194746398 1.0 
8.716329856108938 175.15346862010784 ;0.26465831757851843 0.9892343613625106 0.976169786066779 0.0 1.0 
8.774291794606794 175.12825295654113 ;0.2642784984936352 0.996574590133415 0.9884516898020916 0.007350555194133438 0.9923265488792453 
8.775049429170334 174.40162230071326 ;0.2642784984936352 0.9971570434845842 0.9884516898020916 0.007350555194133438 0.9923265488792453 
8.853389128412628 174.26002789672935 ;0.26839876596429846 0.9833467675320516 0.8199651451068708 0.0 0.9800479906474058 
8.873348259633552 173.8608725192616 ;0.23760413789735046 0.9980833191611301 0.9301505338694668 0.020210843024570834 1.0 
9.143646626155666 172.3614527874056 ;0.2307850718635588 1.0 1.0 0.04074098153212336 0.9490953711346216 
9.234918095560547 172.18929316671287 ;0.23681966209314098 0.9999996942924315 0.9917291596012118 0.0013976655375266336 0.9974653666281159 
9.274453118133898 171.87224367215296 ;0.23379125864702133 0.9999615767168843 1.0 0.0 1.0 
9.281320760715902 171.83518514657965 ;0.2434785718210634 0.9999812028304982 0.883101238755162 0.0 1.0 
9.286039071216312 171.70728017960658 ;0.2298207822802612 0.998243606357339 0.946678395011226 0.005336427753910484 1.0 
9.28845716386121 171.28737466118537 ;0.2339790562717431 0.9346854888001743 0.999272746890335 0.0017426920181097586 1.0 
9.417426245160113 171.0886031574525 ;0.22315004672209193 0.9999972900139368 0.9668717468014766 0.01562816290737703 1.0 
9.486840911809155 170.66054640082268 ;0.22902846524109452 0.9961618480035022 1.0 1.8460048557041725E-8 0.9838194267767499 
9.509973260340123 170.09376089567306 ;0.22869307036587316 0.9604386071223479 0.9970490594008271 8.245014263768224E-4 0.9939428772371498 
9.520025887727185 170.01848477712514 ;0.21908432245461945 0.9893392142235785 0.8517462273505868 0.008844346375838062 1.0 
9.533637202656783 169.34099703281692 ;0.24320679925349226 0.995513492423957 0.996138973305238 1.7356641835863593E-4 0.9074104465335884 
9.59177235845717 169.0774815724996 ;0.2196994344220014 0.9985191013192918 0.9321743164233762 0.0 1.0 
9.682649187904213 168.3228995700503 ;0.22440527490041812 0.98924985838161 0.9560975355665478 6.124302715181914E-4 0.9423989388242351 
9.787267517678771 167.4391434625286 ;0.21701651290872975 0.98235198977574 0.882254242922234 0.0 1.0 
9.89533453825468 166.98069864053576 ;0.2169757147516269 0.9855656514800897 0.9411934704166302 1.5931982695833988E-6 0.9772217584417191 
9.987416679470758 166.37806655416114 ;0.1995871774762018 0.9714609880254854 0.9741983155061134 1.9448177661486731E-4 1.0 
10.052354947908832 166.26933500237078 ;0.19896996374893214 0.9849790881337348 0.9807123823220523 4.667273720029525E-6 1.0 
10.095022431092609 166.236635961407 ;0.20554411088766494 1.0 1.0 0.0064581100913656125 0.9440375980628559 
10.123181005629142 166.16656493147326 ;0.2020747161760559 0.9821147828099098 0.9052299244408115 0.0026024490084850978 0.995640515351404 
10.12591742040849 165.189078349289 ;0.18870162131900853 0.9955923474326414 0.9917284789612713 0.004086796203493759 0.9959186122410459 
10.19939033165983 164.3610459235673 ;0.19282060000611395 1.0 1.0 1.6712095820209964E-5 0.9929487295120406 
10.217293113026411 163.64390507844206 ;0.20351897809289293 0.9501367831786091 0.8230539452646908 0.0 0.9952090018601422 
10.442857643218883 162.78625287586667 ;0.18822329968152018 0.9784379506312585 0.923299521698804 0.0 0.9873362441336418 
10.504854259359982 162.7089540600051 ;0.18210794440423955 0.9356283089312479 1.0 0.0 0.9937898523950879 
10.61564118027215 162.68844167084976 ;0.17521571294745575 0.995865696423356 0.8701139627113089 1.6193264956852938E-4 1.0 
10.636833134885325 161.96775265001025 ;0.17553629290318168 0.9865157743402666 1.0 7.809617733689862E-4 0.9989634783400212 
10.772129296551517 161.82089661668994 ;0.17028429045356283 0.9999896598476574 0.9458581929405044 0.0 1.0 
10.81381421023919 161.81943557415013 ;0.16815740075617625 0.9918044046830397 0.966510856269591 0.0 1.0 
10.816864464291521 160.81356660181535 ;0.1689764397111416 0.9529842479713304 0.9906779008688645 0.0 0.9960970939198577 
10.925480560364605 160.74675557231424 ;0.1662570813879738 1.0 0.9556955777379524 0.0 1.0 
10.932726796020148 159.9663698242153 ;0.1689764397111416 0.9956848333563267 0.9906779008688645 0.0 0.9872651676825335 
11.121292287689316 159.50966249675233 ;0.18928682793728074 0.9912504450845852 0.9073327563343215 0.0 0.8574916640993513 
11.122301183731075 158.53089866283102 ;0.17058312847154156 0.9990165137812081 0.9868829017496862 0.0 0.9441139785988849 
11.210688847326532 158.5088275664672 ;0.1478544695411529 0.9960295296795758 0.9788249392291464 5.452325133813316E-4 1.0 
11.259103980225595 158.40949749932108 ;0.16125330951327155 1.0 0.989656190750912 0.0 0.9179111061758347 
11.324092883210556 157.87891408782588 ;0.1321483416628389 0.9917867329470854 0.9999851925771079 0.027535574244747174 1.0 
11.447152633144007 157.04526193130914 ;0.1374822770102771 0.9971570434845842 0.9952041066536234 0.007350555194133438 0.9923265488792453 
11.480832128288348 156.50174372964312 ;0.1441781840249332 1.0 0.9449669750275763 0.0 1.0 
11.515425832000453 156.45515604252952 ;0.16125330951327155 1.0 0.989656190750912 0.0 0.8978445592349578 
11.55108162805112 155.89941582573144 ;0.13950493946708398 0.9825978236406251 1.0 0.0 1.0 
11.73422164326788 155.62230891005655 ;0.1537805010214034 0.9604409942893634 1.0 0.0 0.8825409625671152 
11.752475566432295 154.96355686915123 ;0.13346769246946866 0.9791404346763228 1.0 0.0 1.0 
11.857111982486822 154.71809925670541 ;0.15676754293065626 0.9397145782366639 0.961372597707074 0.0 0.8747558263695838 
11.88386135654584 154.61108180462887 ;0.1580896393804107 0.9976253934925234 0.9920576945702799 1.0170519354193484E-4 0.8259931584248974 
11.962500890125703 154.56535577279612 ;0.12646307552583275 0.9997071358447619 0.9794196570432437 1.7478845453485308E-5 1.0 
11.993093715345346 153.9082381886563 ;0.15617158253579522 1.0 0.9476042348403311 4.527890520523642E-6 0.8396515922242056 
12.062554251644006 153.3920351065257 ;0.1226877995590035 0.9657745309851106 0.9747053810352639 1.8199239217978755E-4 1.0 
12.148034619624713 152.9892607388534 ;0.14198187364342524 0.997549224687723 0.9977502430419208 0.0010201410310141752 0.8598881248436478 
12.159422566058513 152.76628186284887 ;0.12560044062410486 0.9454861756482151 0.9581899909965417 0.0 1.0 
12.269794069635905 151.85056118209727 ;0.17183930516552276 0.9954830186278485 1.0 0.0 0.7169011246380963 
12.352401203794258 151.64089940463464 ;0.1237207184691749 0.9548931887716111 1.0 4.239708732300065E-6 0.9373488473006865 
12.422923057440759 151.59072073691362 ;0.17813447476747674 0.9954449500105788 0.9355214213554626 0.0 0.6846731814601488 
12.449654000029291 151.45415386359534 ;0.13096450888735475 0.9994845727974202 0.9552249056277019 0.0 0.8819238048815353 
12.463561942102492 151.21501270026138 ;0.13630623335801437 0.9870646539466554 0.9949288986188294 0.0 0.8710290798765281 
12.497977532189099 151.19967897770053 ;0.11394772255272774 0.9618950153152063 0.9985994206679415 0.0 0.9766823190944695 
12.518423540633474 150.87762317521435 ;0.10702593700204865 1.0 1.0 0.0 1.0 
12.626995641421194 150.73050047128305 ;0.12996514662905062 0.96499457417526 0.9671580971831963 0.0 0.8694814634419346 
12.649117835951165 149.52056780275115 ;0.16434197089328634 0.9691363612248535 0.9848468813460103 0.0 0.7108570095872317 
12.790599352808083 149.41077974412198 ;0.12375074316917456 0.9869770990592974 1.0 0.0 0.8504382087316009 
12.79470556790081 149.27950981660553 ;0.1235691955327144 0.9848591259478564 0.9646881229494707 0.0 0.8611596269025661 
12.825889574564831 148.9448561360819 ;0.10027346232903264 0.9541168030772231 1.0 0.0 1.0 
12.880110314589988 148.21354457865516 ;0.13241958703883733 0.9866875602965626 0.932605098119058 4.317034991496668E-6 0.816209519872041 
12.940429978387584 147.76164597861248 ;0.10271807495771093 1.0 0.9453832051565395 0.004549509546404761 0.9458651558354211 
12.964977691685554 146.94302420759206 ;0.14847007503214057 1.0 1.0 0.0016578681326953606 0.7095533937059623 
13.07417392742735 146.5668041389416 ;0.09438236566336969 1.0 1.0 0.0 0.9983991215073583 
13.124625585474314 146.29359200200741 ;0.12181619907080245 0.9552057442790362 0.9176742334041054 0.0 0.8791922602798206 
13.30692064545691 145.15001643838866 ;0.13895568464993496 0.9947487072724749 1.0 0.0 0.7120476384656504 
13.390124034566671 144.58154925776492 ;0.12153473659154515 1.0 0.9906924485344057 0.0 0.7743598343244804 
13.55833602521115 144.04457458684524 ;0.09651837687757955 0.9955287758403294 0.9816455425699112 0.0 0.9008391086472194 
13.765063961299555 143.8572313231393 ;0.097510541668129 1.0 1.0 0.0 0.8635263115003275 
13.79758116877687 142.76291053225637 ;0.12831650520872792 0.9756429074962647 0.9498311807762585 0.0 0.6887083679514447 
13.84075429315723 142.6589797171071 ;0.10006924113291604 0.9998782291834799 1.0 0.0 0.8394857814018843 
13.945395804750614 142.6314332491028 ;0.10398058883589065 0.9900293214814615 1.0 6.849401405088153E-4 0.7899358347795757 
13.963503954010113 142.28087863664038 ;0.11257414951719806 1.0 0.9060204691720929 0.0 0.7409857615563611 
13.965723820839878 142.2325472037714 ;0.09712325240077256 0.9176154697925802 0.825472646579814 0.0 0.8698245780342877 
13.975668079569962 141.94889460097198 ;0.09016715528545091 0.9779449181580441 0.999421448465734 3.3182842170730487E-4 0.8495112660771214 
13.993875061412579 141.5445455267238 ;0.1068259375179555 0.9206613968962077 0.961775497293574 7.355984694287426E-6 0.787370719026137 
14.116302773893164 141.51867031431436 ;0.13735509305888519 1.0 0.9183934879533394 0.0 0.5925490375938938 
14.117522403173181 141.0315823061325 ;0.06496191086838027 0.9965932485961713 0.9973038110997942 0.0 1.0 
14.226326439170174 140.33205254552936 ;0.12824597771566057 0.9968554004756882 0.9434762561215196 0.0 0.6249214084237309 
14.327944829375264 140.28311687964114 ;0.1492617846317642 1.0 0.9847407663287353 0.0 0.5280273880463244 
14.36733578819592 140.16534968415758 ;0.14643076017462103 0.9993621185511515 0.9761246072539013 0.0 0.538398892142297 
14.43089154319285 140.08910116781232 ;0.12249961830368876 0.9961095317463405 0.9538445350195444 0.0 0.6205558829624391 
14.454530440688591 139.80795798487716 ;0.09895670524083222 0.9972760874671573 1.0 0.0 0.7496424697516104 
14.474798692422151 139.03032222351976 ;0.11556124213030854 0.9837317265712161 0.937809743410484 3.447498488089115E-4 0.6636129246405915 
14.552254472974447 138.9717512149571 ;0.08289183309461738 0.9726931350374495 0.9389112794866414 0.0 0.8444557706852107 
14.560646560366228 138.56989018873782 ;0.06808170366541363 0.9955287758403294 0.9816455425699112 0.0 0.9212875739986897 
14.653459152728356 138.4408036643505 ;0.10505760332274652 0.992806579228804 1.0 0.0 0.668747767312269 
14.714174977829803 138.03484476630436 ;0.1066873007912511 0.9969076820034539 0.8068865618842803 0.0 0.6852973856086887 
14.717841001347717 137.6898083216318 ;0.12158887871016899 0.9853232100029657 0.9786800328705144 0.0023313110860797744 0.5909113068287595 
14.856899459602616 136.33342329536652 ;0.09179261218060172 0.9944701978651689 0.9996935190630344 0.0 0.7061121088830942 
14.98800375784529 136.25352123035356 ;0.10621830939172852 0.990971380250276 0.8379357821647593 0.0 0.6375949562953939 
15.026484957474699 135.5904841408747 ;0.1038539302656667 1.0 0.978744777111674 0.004500012010189191 0.6265176947573783 
15.142545879041036 135.2702207131993 ;0.09583472664035113 0.9749311178899872 0.9700100289119648 0.0 0.6655900163039987 
15.200695428193109 135.20281259348067 ;0.10019576746461753 0.9664924124825972 0.9999506166008287 0.0 0.6478982822124465 
15.268591581684378 134.19960082161302 ;0.07280495788743416 0.9900857658917659 0.9239207722869114 0.0 0.785574447699592 
15.326862377101534 134.10907993400903 ;0.10206931241984422 0.9764260340513957 1.0 1.7540140404904232E-4 0.6104349865277965 
15.337197351341878 134.06706947157883 ;0.10206931241984422 0.9764260340513957 1.0 4.3555916168781046E-4 0.6104349865277965 
15.456957154285156 133.43628439597674 ;0.10262580040190261 0.9917486157425829 0.9980334171163495 0.0 0.575993256194614 
15.561522718680274 132.32148111950818 ;0.10654027033271435 0.9953921856984249 1.0 2.449987436774372E-4 0.5414723195161211 
15.779793683958511 130.39991348247582 ;0.11304817250191769 0.96095049041905 0.9975206014493175 0.0 0.5052850130948644 
15.999637408227493 130.33523017966078 ;0.061439601142282 1.0 1.0 0.0016313517653471807 0.7329231026722532 
16.15302194127312 130.22114103630543 ;0.10752497180840984 0.9997197724312985 0.9881493349294986 0.0 0.47938294685524363 
16.154667497814174 129.53039035350784 ;0.09552419032928405 0.9811588134930854 0.9966080720954238 0.0035436156417695992 0.5083022581321683 
16.19199897483313 129.46384812573575 ;0.10767218785768794 0.9868503435474032 1.0 6.967177383690305E-4 0.46106660994933857 
16.297783383824488 129.38477073429763 ;0.09392329977328868 0.9759044913207657 0.998613952025233 0.002859732775109789 0.5196112684213128 
16.29914396162665 128.43110783976329 ;0.1050243326369234 1.0 1.0 6.357532078695577E-4 0.45266884672249874 
16.417178262908102 128.4197210740725 ;0.08033282367576788 0.9933441242306046 0.987380953152407 0.0 0.5743725065934508 
16.53975667515939 128.20469423452647 ;0.11245237358274798 0.9730876199115416 0.9982470341134888 7.030109102568958E-6 0.4020324030117948 
16.638096225955987 127.52324693273377 ;0.08050577161723406 0.9653427779737708 0.8826258936865335 7.622377472981177E-6 0.5665092928119508 
16.65961564635843 127.25346183399427 ;0.0997435029601035 1.0 0.9469266641610702 0.0 0.46937137964569 
16.67485713324858 127.14757629268172 ;0.09992882915453405 0.9999958265338855 1.0 0.0 0.45423047174742304 
16.682714776129206 126.75620209192996 ;0.10260198236211632 1.0 0.9544452372145568 6.382439165858052E-6 0.44470790871456967 
16.868636807752736 125.93742325907 ;0.06558557361002007 1.0 0.9766540111005043 0.0 0.6025350737230245 
16.989151726453645 125.24142650021948 ;0.07964831966379421 0.9983884775219664 1.0 1.4695600466554064E-5 0.5171552529002401 
17.02219664734438 124.40462611179107 ;0.08380923535175602 0.9943420541545969 0.9720671610965205 0.0 0.471856454761833 
17.191603228362332 123.92345730240031 ;0.07706212775073594 0.9873270848683946 0.9317177065110156 4.6064494988778943E-4 0.510909405019936 
17.23135497516694 123.81675395483202 ;0.06272311374242057 0.9792556678384681 0.9802850848257834 0.0025937476468988344 0.5726771756497921 
17.432195277463087 123.31220900719805 ;0.04667951522627518 1.0 0.9703216994908697 7.312061138518024E-4 0.6646783157157747 
17.442354454749733 122.85889098994348 ;0.07028719449726047 0.9955576873880727 0.9232749453252741 0.0 0.5159186243586369 
17.516034477793745 122.74313064383442 ;0.06381990039397833 1.0 0.9770657460871252 0.0 0.5215595615529318 
17.574496550268695 122.73617414702122 ;0.048709545594360464 1.0 0.9712105701812356 0.0013850093196171353 0.6043834504496044 
17.600686463877953 122.7164065302897 ;0.04313763855260955 1.0 0.9541378867095348 3.482929390934317E-5 0.6559843221969796 
17.66586634890652 122.3794677323217 ;0.07180235013188975 0.9748735848776943 0.6596017133800632 0.0 0.5088644166734153 
17.680198027083243 121.9716153386931 ;0.10025890121232378 0.9790508195563788 0.9950420148918697 0.0 0.3560681824536538 
17.721330741504914 121.12840960834211 ;0.06382547435716995 1.0 0.9988169776841149 0.0 0.5094281217987862 
17.8769393920996 120.44850624288526 ;0.054238087577455775 0.9999310573147892 0.9791014088728874 2.7256704459782785E-4 0.5467647442808489 
17.99841858727621 119.84275675459618 ;0.06381990039397833 1.0 0.9106281148862102 0.0 0.4855199054067214 
18.092641361191166 119.68817688196809 ;0.04057636946467528 0.9745752935589154 0.9710018632669404 0.0 0.6063044713007453 
18.218353253146283 119.25597218812626 ;0.07447877911068383 0.9961478300734675 1.0 0.0 0.4175592570867739 
18.233008131100704 119.05060591130578 ;0.06221623841612899 0.9854753056320669 0.8225315334977568 0.0 0.4814866363468957 
18.26584319333079 118.93284515389834 ;0.06521362531941714 0.9852252911400878 0.9999522222412001 6.995716041087669E-5 0.44638068520902097 
18.31425111966748 118.80778044052099 ;0.0440852133768168 1.0 1.0 6.414748441238252E-5 0.5429166342197291 
18.331188370145874 118.69813502799161 ;0.07229032950404878 1.0 0.9209159987731181 0.0 0.4194663711390535 
18.388773012547237 118.61454183570254 ;0.07678686828858448 1.0 0.9783648117480014 0.0 0.3755105167668159 
18.440780489723966 117.10887320602805 ;0.05659321842927385 1.0 0.9448346228146716 0.0 0.4741558688401316 
18.535985151359448 117.090341073152 ;0.06849018428119949 1.0 0.8277369895257547 6.003629648443348E-6 0.42340521504759365 
18.537251014681953 116.5345594442406 ;0.050996910430651896 0.964843938210897 0.9133121534939737 0.0 0.5134675756459889 
18.727918077593607 116.2526648893889 ;0.06274568577993331 1.0 1.0 0.0 0.4129708940208999 
18.78571803828657 115.53716584644441 ;0.06327530239113177 1.0 0.9283170182996564 0.0 0.41526479058775406 
18.84978348499593 115.2293962577764 ;0.03983600017531016 1.0 1.0 0.0 0.522411133816875 
18.97249104909203 114.80301649792153 ;0.06439110702798109 0.945130857794977 0.9965899252078892 4.991553814215487E-4 0.39984156995212355 
19.08458911972161 113.931888353402 ;0.03223369033118052 0.9997766250386192 1.0 9.5175742438765E-6 0.5318285655847768 
19.175568075985172 113.18571864081082 ;0.03223369033118052 0.9990901533469198 1.0 2.0753780812647743E-4 0.5318285655847768 
19.42920865009602 113.16905190607491 ;0.05654845635376677 0.9630877617640827 0.9589210510485308 0.0 0.4037896397159313 
19.44303404833463 111.82050238212112 ;0.05342888650416107 0.9921914089583516 0.9789540541950684 0.0 0.40389174116434 
19.690244326541713 111.07748343743192 ;0.037425968759224965 0.9992123641877942 1.0 0.0 0.4487129799408254 
19.780891570225698 110.49450216044957 ;0.05836509608355318 0.9990305642894621 0.9871589099453144 1.7149165927512106E-7 0.35432007138083876 
19.876882941176156 110.39506798799398 ;0.043058530687955385 0.9869432187590663 0.9919727486444293 1.6606380175464828E-4 0.4073445671718037 
19.951640310985475 110.01760988598105 ;0.052566283112495726 0.9247686091777895 0.9707726188032302 5.091593077795852E-4 0.3802456553469377 
19.992053976842655 109.18809137720727 ;0.04280918981012542 0.9227099052343223 0.9587008613316187 0.0 0.40913180627540235 
20.308472987661762 108.04086631681248 ;0.029211483941897515 0.9354240742060742 0.9993763920838273 0.0 0.4466560830934733 
20.355715541418533 107.40694602950002 ;0.02915020517288694 0.9948390292691782 0.999307789543744 8.196974877694575E-4 0.4314796860705982 
20.465108151036173 107.26517092560826 ;0.06882717709493785 1.0 0.9598281274897317 1.5668408626648008E-6 0.2580611915436912 
20.580575200085082 107.14727687823216 ;0.0528424632055442 0.9652126301428886 1.0 0.0 0.30999141120817514 
20.606536959053862 106.1855987403218 ;0.021004971011214037 1.0 0.9784169718006984 9.241716519222521E-4 0.43424571732331707 
20.71832165926516 106.08192307325481 ;7.385067876809204E-4 0.9598881427787495 1.0 0.0 0.556810654746985 
20.74095079413441 105.46964439004317 ;0.02276916022773959 1.0 1.0 0.0 0.4236025086597818 
20.895116377807398 105.32187255579039 ;0.0029164029188090326 1.0 1.0 0.0 0.5270589032642423 
20.95035195660433 105.26150452238866 ;0.051284753207449234 0.9948046009381457 0.979348053695474 0.0 0.28430266518190844 
21.031628419898702 105.10254041251044 ;0.030784920059001325 0.9507997139055743 0.9962283075243338 0.0 0.38252083700699135 
21.101071164062216 104.73764543843565 ;0.0 0.999867916474007 1.0 4.106700696875132E-5 0.5395799582301403 
21.12247165184748 103.90172882105955 ;0.013692030144928036 0.9928993503054967 1.0 0.0 0.44578049501912526 
21.21992089070794 103.69509487135655 ;0.0011117387741926901 1.0 0.9147898815567631 1.4479621215509075E-5 0.5200495460554689 
21.30870613343469 103.56852450812598 ;0.024196182653318167 0.9979251250198048 0.9918741460419175 2.667082675414901E-4 0.37827980639975023 
21.398820753591103 103.0841337881311 ;0.019711157825708453 1.0 1.0 0.0 0.39301744976846265 
21.545153700193946 102.22828540375477 ;0.02454384189797522 0.9619401909060448 1.0 2.6290874474616087E-7 0.3608876274504992 
21.72501044436673 101.47906526982109 ;0.04215101134518477 1.0 0.986691201341391 0.0 0.2688058029420608 
21.826493004496363 100.40621988529362 ;0.0015551970067357937 1.0 1.0 0.0051274276558406625 0.4412198665617347 
22.083446898516357 99.20391943777874 ;0.020931018728697195 0.9921233209967756 0.9521676193163373 0.0 0.32647250652203197 
22.19425236261736 98.7435314080829 ;0.019077926110914703 1.0 0.9952528131745072 2.0119390990073842E-5 0.337247222489189 
22.441205298579206 98.3156639819652 ;0.02271247311462099 1.0 0.9193028346465204 0.0 0.3128712743962163 
22.446342085321234 98.21654209625305 ;4.254134509696652E-4 0.9858747624034054 0.9942762682428167 0.0 0.4164973327653778 
22.492114611697502 97.48614836817634 ;0.0 1.0 0.984172359942493 3.5397080455988557E-4 0.4025030222487437 
22.60925326877041 97.08292047056901 ;0.01362740590416689 0.9837779234671481 0.9999687396387977 0.0 0.34176730325994076 
22.617095588055733 96.83937067632439 ;0.00792788906381553 1.0 0.964065416569641 6.598834972111876E-4 0.3620070802180516 
22.68982681002445 96.47619426490243 ;0.0 0.9973243623162802 1.0 0.0 0.3959778531951989 
22.775331418366175 96.22544519994523 ;0.01128043479425675 0.97072039168325 1.0 0.0 0.3434742604439766 
22.821077212789312 96.04582449020756 ;0.04204107493121363 1.0 0.5688765827532041 0.0 0.23762395487133864 
22.961400518268306 94.82348980315541 ;0.0072485265622094786 0.9716194418910723 0.9828812784541573 1.295641467141483E-5 0.3469414379905161 
23.139149083611013 94.71521490207768 ;0.018754369013756392 0.9812789525651335 0.8433780479468218 7.604814839223678E-4 0.28898070578669904 
23.19310303560151 94.54874557620083 ;0.0 0.9822693043050531 1.0 0.0 0.36512165197611374 
23.335570396593972 93.47689026647902 ;0.005776211395080791 0.9931597028087407 1.0 2.072829622483956E-4 0.3175991744164092 
23.438161232314037 93.1739476421886 ;0.021209447376179108 0.9796269567319842 0.936263510248876 0.0 0.2570270279585357 
23.450674755934227 93.10264330058993 ;0.0019728288591481027 0.9877495150071107 0.9740210925077861 0.0 0.3432529737772569 
23.585531673781965 92.75278568608842 ;0.01007052439935232 1.0 1.0 1.343874773959461E-4 0.27715292665721314 
23.63975347617388 92.7289631068864 ;0.012807579601495696 1.0 0.9975989600905728 8.200525085544624E-5 0.2739364292060644 
23.662566783128373 91.58320129267632 ;0.012175431947646254 1.0 1.0 2.6798554793716E-4 0.27929962947534087 
23.88960312496048 91.50347218684371 ;0.010843553675656772 0.9593812098307175 0.9864889800581923 0.0 0.2750731912399344 
23.976150092338152 91.38352635947872 ;0.0 0.9753131204818639 0.8920593274844708 0.0 0.31811958147459773 
24.044207549374104 90.5059818941419 ;0.0 0.9983761739541458 0.9889108691711366 0.0010689290824812698 0.3022071179265654 
24.091291136923576 90.45325363525176 ;0.0016134540272641183 0.9845373078586315 0.9881926117089568 0.001263351309526407 0.291254847656826 
24.176246804256827 90.23039238926161 ;0.019077926110914703 1.0 0.9952528131745072 2.0119390990073842E-5 0.20997434353069183 
24.181179102284723 90.10706493351115 ;0.0 0.997873819291674 0.8994492084066656 1.605673900421735E-4 0.2934762136284017 
24.20570917714775 89.29609665460008 ;0.003870185787153887 0.9770461803202091 1.0 0.0 0.27095847917167387 
24.3787776200841 88.92140494714157 ;8.665044009357017E-5 0.9912841219078293 1.0 2.8006143109199637E-4 0.2777752339292246 
24.56097808763449 88.42716626901962 ;0.002871537633507887 0.991206790208294 1.0 1.975682746414773E-5 0.25638993990587033 
24.603307515114896 88.32804505335126 ;0.0 1.0 0.7603434202636529 0.0 0.29595531829141025 
24.631861611188974 88.27376563498542 ;0.0 1.0 0.853595837104369 0.0 0.2776062949119835 
24.68871732641223 87.4659647486319 ;0.013249897727955602 0.9989973621078515 1.0 1.3585667441472506E-6 0.20192986648494227 
24.72656606821558 86.94463390212614 ;0.0 0.9834654983622074 0.9880023194019203 2.0683276692184542E-4 0.26538642611941976 
24.98650131006185 86.75148559656037 ;0.0013328787934536552 0.9973241894717018 0.9956334071306412 0.0 0.2404641769216949 
25.030117412475292 86.35810640346862 ;0.0 0.9659041827733225 1.0 0.0 0.2578412570270165 
25.09130077573148 86.15381585412331 ;0.0 0.9846766090091588 0.843033120841983 3.282624092540356E-5 0.25904782440519347 
25.201906406943678 85.45755137751573 ;2.472623300530223E-4 1.0 1.0 0.0 0.23122557556080314 
25.36512060986508 85.01025569265293 ;0.0 1.0 1.0 0.0 0.22337358678020117 
25.37332932450974 84.92810231244948 ;0.003336083562147778 1.0 1.0 1.8326086674577417E-4 0.2029119685687372 
25.431177006448742 84.3361715751288 ;0.0 1.0 1.0 0.0 0.22302532594919744 
25.521768064769155 84.07848428057167 ;0.0 1.0 0.9885232407350005 0.0 0.2147554592097851 
25.548601193505995 83.92457292239617 ;0.0 0.998377746928232 1.0 0.0 0.2144100545128445 
25.650059787014474 83.71650786116793 ;0.0 1.0 0.9931014683211181 0.0 0.2086777625218335 
25.671831410924568 83.62452777144867 ;0.0 0.9943084042381749 0.9494290248882352 8.667374514762693E-5 0.21210242263785017 
25.742909157230027 83.56748145029171 ;0.0 0.9996962412615947 1.0 2.6617248479993133E-4 0.20294882213846305 
25.876908011521387 82.56759282904558 ;0.0018301062870679785 0.9246644513952816 1.0 0.0 0.2022306518482171 
25.887976535392216 82.55919099590662 ;0.0 0.989708320045458 0.9936275416227176 0.0 0.2017516253098911 
26.0536210579345 82.18813405920321 ;0.0 1.0 0.9998731862427941 0.0 0.19086888037757074 
26.075840309598057 82.08187824482013 ;0.0 0.9923281170013879 0.9299997029338924 0.0 0.19868993443056351 
26.189901533377373 81.31419915324683 ;0.0 0.9994355545818331 0.8985849841867621 3.629612139830588E-5 0.1898436121774556 
26.255535842818073 81.0924769468106 ;0.0 0.9790039312785568 0.9978653705891011 8.045027952879036E-4 0.18376208326537924 
26.422559609149086 80.9557345976274 ;2.0198605264943654E-4 0.9703215068920912 1.0 0.0 0.1723458937969503 
26.48489686492691 79.85806082652852 ;0.0 1.0 0.9856401522258722 0.0015499586998856882 0.16503461036903533 
26.69051731798398 79.78681450532554 ;0.0 1.0 0.9948901805268708 0.0 0.15905080644803649 
26.70971335295861 79.69049931343238 ;0.0 0.9810089416728305 0.9600566540540969 0.0 0.17154823449327766 
26.849455794805372 79.22809450605311 ;0.0 1.0 1.0 3.5466542310307405E-6 0.14982495593709405 
26.98181983493644 78.60623063245185 ;0.0 0.9565340724411645 0.8383113600786297 0.0 0.1652790534621554 
27.1341690786046 78.3401411633474 ;0.005609428837826195 0.9813383668304352 0.7147174693923549 9.465714851906323E-5 0.14327293357762208 
27.203543066265784 78.24666965377979 ;0.0 0.9822012785261494 0.9374618907022335 0.0 0.13776906122416682 
27.218902283096305 78.03362598741384 ;0.003637335664675903 1.0 0.9015800710521141 0.0 0.12925097076836267 
27.38424815719389 77.03278415962222 ;0.0 0.9600260316332866 1.0 8.336553750538473E-7 0.13137084350885544 
27.414920841169728 76.24627611006966 ;0.0 1.0 0.9719656003238619 0.0 0.13073945898112205 
27.869105982730602 76.21080207439014 ;0.001119588427970484 0.9760749634364967 0.9356968481239994 0.0 0.11287994071796605 
27.97428354861708 75.89557622400875 ;3.570940877273346E-4 0.9493683537564805 0.9578674046033625 0.0024521540655987138 0.11198173450170701 
27.98830496268212 75.39162422303558 ;0.0013751035306230276 1.0 0.8033046006846649 0.0 0.11707826702369696 
28.04230534855497 75.04156944016725 ;0.0 0.9449179653616976 1.0 0.0 0.11034462405023632 
28.207936244199857 74.41935143862943 ;0.0034250656547185144 0.9828199128231291 0.9898254904540423 0.0 0.08758076785137481 
28.23665460193846 74.09905524208368 ;0.006041613351462869 1.0 0.8458928791681117 3.78640263289866E-5 0.08578929295749854 
28.61467973355377 72.72567153609774 ;0.0 1.0 0.9369672956309116 8.70765686482578E-6 0.085233619826114 
28.828719742808257 72.47508588472351 ;0.0017020797310273545 1.0 0.8861344652844103 0.0 0.07314050874170111 
28.867866034732767 72.41408999483097 ;0.0 0.987267379281674 0.7458766390454764 4.271779243928312E-5 0.08958749000172211 
28.9349180769567 72.01517355925846 ;0.0060048795938404936 0.901070515181064 1.0 0.0011271189196844298 0.06159853557923778 
28.98001054024263 71.88675612538555 ;0.0 0.9996124942546237 0.965059236449005 0.0 0.06971160209419822 
29.174188661917945 71.70932617539711 ;6.137763027988909E-6 1.0 0.7531460496372433 0.0 0.07601630088994538 
29.185320927319765 71.26302605235979 ;0.0 0.9429634987203734 0.9546770993678348 0.0 0.0680147808000324 
29.34181314791595 70.96731795468618 ;2.0461121742079594E-4 1.0 0.99776945072814 1.4002104009799436E-6 0.054982270463849764 
29.384916872656273 70.9608054995575 ;0.0 0.9823510079979624 0.9406292249161692 3.4914052204619117E-4 0.05433753915128886 
29.43746675001558 70.38987186673835 ;0.0 0.966009324606115 0.8873606509066548 0.0 0.06084289586120903 
29.63710762448438 70.08363183086774 ;0.0 1.0 0.8426703800344921 0.0 0.05343138920100529 
29.715264883134598 69.49339149855636 ;1.707338829951173E-5 1.0 0.9375881400912738 0.0 0.0463980832893343 
29.874476754525652 69.37687547173309 ;0.0 1.0 0.20449778335864888 2.3835481575851955E-5 0.0971618306517028 
29.892966391527775 69.35161452999367 ;7.51513986320837E-6 0.9900913137361559 0.661048831420307 0.0 0.057189694873337436 
30.118133688036195 69.23303948579864 ;0.0018176974409432646 1.0 0.9364400926235499 5.345806847302085E-4 0.02385471319534335 
30.146155886711263 68.84775511552363 ;0.0 1.0 0.6999099983843209 0.0014081398491892104 0.046059531641049145 
30.201342671021475 68.44784516515897 ;1.1261334658886865E-4 0.9963917043727514 0.4650283786794572 1.4174165592020956E-4 0.061788915990734355 
30.264214576618897 68.30968865148365 ;0.0 0.9812588872241904 0.16063574194109087 0.0 0.09072680226770218 
30.322753053269196 68.24539984382452 ;0.0 1.0 0.0 1.985613463020409E-10 0.10295983070883641 
30.412128465968202 67.81216927475322 ;7.138465740610641E-6 1.0 0.6184950464015767 0.0 0.04569989800098034 
30.62019705542666 67.11339033554589 ;0.009771400636767284 1.0 0.0 8.671319780845301E-6 0.05701718319665219 
30.93495657873755 66.49193500281142 ;2.560826561449065E-6 1.0 1.0 4.182072955552334E-6 3.240318890680091E-4 
30.94633348412315 65.93688331774479 ;0.0 1.0 0.1149019777627387 0.0 0.07094418489209778 
31.20796341525222 65.70314485011649 ;0.0 0.8405456271737031 0.09578084217785746 1.0490607389467379E-5 0.08377956185095493 
31.212468249155137 65.23691406635861 ;2.0770101571393907E-5 0.991256470496968 0.13958414629143936 0.0 0.05521281621630776 
31.30227129046692 64.75295782387246 ;4.362083843793682E-4 1.0 0.0 2.759959731614024E-5 0.06302429160208291 
31.711243046862712 64.36585303742217 ;0.0 1.0 0.6632964538829107 0.0 0.0 
31.729344920542538 64.23015192207332 ;0.0 1.0 0.0 4.598770091714788E-6 0.052099693030588486 
31.779722880914914 64.16566061266093 ;0.0 1.0 0.0 0.0 0.04949948788747993 
31.825405626706807 63.685807821656596 ;3.14799214197789E-4 1.0 0.6043267634662342 1.2542957048673354E-4 0.0 
32.143592341771914 63.502057382453884 ;0.0 0.7629245794779206 0.8355672245627954 0.0018147179586474995 0.007757908436413941 
32.16477863505575 63.16637820897253 ;3.4135884433395415E-5 0.8975445271927627 0.31899362261075154 0.0 0.027950664890010093 
32.252667228251205 62.41616655080226 ;1.3759899466745003E-4 1.0 0.0 0.0 0.037437380601059146 
32.47044729976595 61.768399709058386 ;2.7394373866997736E-4 1.0 0.1365968372870878 0.0 0.017898831408134558 
32.53536931944536 61.68280616233481 ;1.2703144902020286E-6 0.9981335656723 0.0 3.6950604473119593E-4 0.028719189167198515 
32.69144043004534 61.52753950951171 ;0.0 0.8893809610024461 0.0 3.4937457293953523E-4 0.03875974652928064 
32.716303784072906 60.92505445578762 ;6.063347200810108E-4 1.0 0.0036695972769052454 8.957494711562279E-5 0.0240439585812239 
33.099401833058316 60.76820224073517 ;0.0013994220776521746 1.0 0.06984984644748948 2.2675535710516486E-4 0.0032049416874442363 
33.185936071469285 60.388391557766056 ;0.0 0.6182065252579287 0.7995345924805217 0.002534920726193997 0.0036822916082560773 
33.25883977242438 60.32068103898486 ;7.953486114335531E-4 0.9144994471499639 0.0 1.0451482822243773E-6 0.020021244279764698 
33.28642078241972 59.92735231723849 ;0.0 0.5798811320306239 0.02998307220747687 0.0 0.07340028098658125 
33.310070716046724 59.80830878353475 ;8.325103463891669E-9 1.0 0.0 1.2732182168411757E-6 0.0026329101335709885 
33.51334762984592 59.79471720608858 ;0.0 0.9996796586022578 0.014485119495187049 6.515337469936166E-4 0.0 
33.5238967659248 59.78696064200116 ;0.0 0.9905866986676046 0.03644319471446944 0.0 0.0 
33.538548314171045 59.441054531687016 ;1.5126694409753783E-5 0.8158954402917099 0.2056956396266416 0.0 0.0071892065080550955 
33.6385534755024 59.277818406392925 ;2.5611324157555896E-4 0.6963418891916482 0.454948693340806 0.0 0.003332160897655035 
33.78373271568236 58.815720252500626 ;0.0 0.7990012485447275 0.008600844856959666 2.1554145544112804E-5 0.01878811912446897 
33.82160544656739 58.79925847840417 ;0.0 0.9016992100391263 0.0 2.066268411671977E-4 0.0047749513882660985 
33.8645869502336 58.724523166349165 ;0.0 0.848288087497771 0.143638701288143 5.914001186377686E-4 0.0 
33.992689596748725 58.55710445450622 ;1.0529138027194003E-6 0.7759907022993555 0.0 5.505639660620962E-4 0.017355600257988213 
34.07337566415246 58.239270916343536 ;1.2127618371050589E-5 0.8298705984342792 0.019612398795571875 1.0462115948004955E-4 0.006759714182859082 
34.07966132851569 57.96655382799041 ;0.0 0.7203055638847342 0.23989907076407396 0.0 0.002756602387231799 
34.10420271122902 57.706592856592906 ;0.0 0.7607335057035153 0.0 4.0786722976869036E-4 0.01416925114639732 
34.213682898000656 57.53058520475274 ;0.0020242590880813088 0.5287556858965341 0.46077314871547764 0.0 0.006407973557954009 
34.386737951379814 57.44792780690776 ;0.0 0.6246739685522116 0.3670763287708154 0.0 2.9907260557356964E-5 
34.485236362740416 57.084362329960385 ;0.0026213328439582424 0.605058714747861 0.19329279901944024 0.0 0.005334315400692334 
34.55903976182263 56.71618295558331 ;0.0 0.806576633631293 0.0 0.0 0.0 
34.621455778224394 56.635398543292425 ;8.123979136572946E-7 0.673335777332944 1.246595120100924E-4 1.3098411158534088E-4 0.015204678086519895 
34.69821767682324 56.588541076492426 ;1.908308233053078E-4 0.6334106424939392 0.06984988892590661 2.3297842005492975E-5 0.01571778653287476 
34.71629676089369 56.420617234169484 ;5.979345475512477E-4 0.6430986191474699 0.2112571653099679 0.0 0.0012079186245951556 
34.84173730744926 55.94627274392268 ;0.0013655662110001457 0.4966936877564937 0.05948273370615034 1.4376672116912282E-4 0.030756715752546987 
34.89318661274277 55.53300064981912 ;0.0 0.7341104003017997 0.0 0.0 0.0 
35.209569920700005 55.233059781891235 ;4.6965968859322333E-4 0.6433426293039874 0.05457247766969768 1.3532165141808453E-5 0.0 
35.218842255984306 55.19831727724039 ;1.6249726590756365E-5 0.5465589555637981 0.19091682427563395 9.220387076295276E-5 0.005075836956607953 
35.225348771120515 55.05351045135348 ;0.0 0.5461613037340456 0.0 0.0 0.023138108744335507 
35.25355257040708 54.948324637695386 ;7.340233634601828E-5 0.6480872022636855 0.0 1.0690196964877713E-6 0.0013679126197630662 
35.375231216072805 54.921985016132005 ;3.2907159914658543E-5 0.5747165123131075 0.14791811661356224 4.991089495398392E-4 0.0 
35.4071452812092 54.482657131082796 ;1.7858573259019078E-4 0.44748262314009624 0.39365270074032876 0.004001533241886603 0.0041965861546689005 
35.62980925945855 53.95329992010018 ;0.0 0.5751193889525981 0.0 7.783076778357368E-5 0.008545971623306434 
35.78370378277013 53.60197340403481 ;0.0 0.584432937993685 0.004981596359180811 1.1189726089470843E-4 0.0 
35.942481471165735 53.15546625372365 ;2.2178063743087994E-5 0.45008906437788676 0.04776944236325131 3.4272219372368873E-4 0.021701560450928515 
36.03259531555067 53.10382989922991 ;2.4264876329820928E-5 0.4663001286863856 0.2502235897378578 2.021547843991341E-4 2.6824943448282496E-4 
36.14327482791206 52.53211288337856 ;1.2478068841065868E-9 0.44694058195255654 0.016665465066665663 1.289485842928147E-4 0.019087182937436845 
36.24052848265373 52.50708722232052 ;1.2478068841065868E-9 0.44694058195255654 0.016665465066665663 3.4075107245195744E-5 0.019087182937436845 
36.43624502644906 52.238654390425985 ;0.0 0.3276830214440225 0.30565255281879833 9.280193325349692E-4 0.023977637894314292 
36.49677352639363 52.033262501421525 ;0.0 0.4548483950247886 0.002491571902460611 0.001275083230903282 0.008258871759720366 
36.53535032064168 51.99568969442988 ;7.96069675093333E-5 0.480678522802523 0.0 2.6628919037071166E-4 6.077166198187219E-4 
36.58500070282175 51.90514462922819 ;0.0 0.4292349316729821 0.05973793679278047 1.6946446615199482E-8 0.008905779442543353 
36.58921720964768 51.81609099930941 ;2.707151831689962E-4 0.46801188589995146 0.005503461906754634 9.169883113172543E-4 5.904556457660853E-5 
36.626218366227526 51.74530655633085 ;2.4686444580644716E-4 0.39704137109810256 0.18995085377977106 8.502479668194468E-4 0.006473867027807723 
36.626578317090775 51.59213950868583 ;0.001392251016787925 0.43484799467834995 0.11076692044016401 0.0 0.0 
36.7789553920055 50.95610296645592 ;0.0 0.45431762698839206 0.0 0.001403191875373487 4.33605500644339E-4 
36.97670952859406 50.64350206619201 ;0.0 0.426877984036529 0.06373297767203696 0.0 7.81872321046413E-5 
37.03927866440889 50.412195442429706 ;0.0 0.4390838126038383 0.0 1.9520802386901364E-4 0.0 
37.25883203983539 50.03987722421314 ;0.0 0.3900936637634027 0.09774122149355446 0.0 0.0016768253016107883 
37.351033382118814 49.998263957014245 ;0.0 0.3997858272966123 0.02789745615845618 0.0 0.0 
37.40732549301026 49.34538466716808 ;0.0 0.3562596735138389 0.0 3.7892874085149463E-4 0.017918495783946716 
37.573539709013055 49.16673572847491 ;1.2504184328970827E-4 0.32383445396496857 0.04291697417766663 0.0 0.02162216392202458 
37.6661825693494 49.04469127445567 ;0.0011089486536778334 0.3764346360141936 0.0 1.8318190370782898E-4 0.0 
37.69400916250907 49.025121781661376 ;1.454980965966058E-4 0.37022345353622416 0.011392276969022057 0.0031312219027747057 2.8803952795695357E-4 
37.78784603743871 48.91694785507529 ;0.001609038668524995 0.3256314160947704 0.18399022014216576 0.0 0.0 
37.96911531402534 48.2424284030814 ;0.0 0.28091441588699834 0.135523827641798 0.0026116892245956957 0.022436348966608177 
38.07508091242238 48.08225855884778 ;0.0011798446692786384 0.3492819953000931 0.008030501899383646 1.1829670014851209E-5 0.0 
38.36718444340787 47.82424255310554 ;2.6449553755627744E-4 0.3134438976697729 0.04528685852286947 6.751081559614811E-5 0.006347861196390164 
38.39954609636126 47.69039461770428 ;2.1884129047218244E-4 0.30028928601126126 0.14066978862985136 0.0 0.0035495622938885823 
38.46500200041248 47.24242494546909 ;1.6518746384016746E-5 0.3252977089534283 0.0 1.0707540316858198E-4 0.002549266958918703 
38.66995520538761 46.985791978729445 ;4.512827841990031E-6 0.31253184423987557 0.008468058643297041 0.0 0.0020362323442210937 
38.67235453504469 46.80423621196667 ;7.856823728497368E-5 0.28699917214413184 0.024763638639924035 9.63927999869992E-4 0.010538419917703993 
38.77822678568353 46.59917952473412 ;0.0 0.3095329215087079 0.07202913630654284 0.0 0.0 
38.80798360975755 46.57290316383538 ;0.0010808266970563892 0.27887113615814096 0.0 4.149010916252544E-5 0.012760352986409504 
38.97503433451899 46.26562031972217 ;0.0 0.2885166436878264 0.0031327401859802817 0.0 0.00833246214799548 
39.088107887779344 46.055691929622654 ;3.641364796495484E-7 0.2880670906622435 0.07059161127043843 0.0 2.629714723803914E-4 
39.125303521555544 45.58091551784197 ;0.0 0.2553283026655069 0.055293091050649154 0.0014203922923656741 0.012308886766145454 
39.367090136882 45.546718458386806 ;6.882729246462374E-5 0.23981056185118094 0.04757397405059555 0.0013206555404470222 0.017894668666798026 
39.43586359452631 45.455615286689195 ;0.0 0.25455933625402044 0.044288452963247404 1.1302372110642315E-6 0.006911755615037301 
39.46402355051574 45.44772381320329 ;1.0183811441027361E-5 0.23576166058124143 0.1730633708159639 0.0 0.009082478254213478 
39.4699755772343 45.42998942373514 ;0.0 0.2732283789116989 0.0 3.129790154616867E-5 0.0032474263809579296 
39.60684992656818 45.16509425835492 ;0.0 0.2409440190273456 0.18700859725832675 0.0 0.0014939150782446176 
39.67237834607712 45.14495800636514 ;0.0 0.27158365656150946 0.0 7.777446677333312E-4 0.0 
39.76896428745868 44.26118017792277 ;0.0 0.2433594344535459 0.13307028505019727 1.4762932138393469E-5 0.0026460289362500583 
39.94666857696999 44.2153942778252 ;0.0 0.2287288730113168 0.2182983018929702 0.0 0.0 
40.12484098069048 44.07262447866068 ;0.0010295257370249245 0.24557859980090457 2.757014944561875E-4 4.450560619965675E-4 1.5009771402239494E-7 
40.17991517323867 43.724751105511935 ;1.5843842853563672E-4 0.22108304897709227 0.16545072451784165 1.609352154039066E-5 3.125089145864534E-4 
40.21618458866628 43.33064371703091 ;1.5843842853563672E-4 0.22108304897709227 0.16545072451784165 1.609352154039066E-5 2.0174320527744033E-4 
40.55675875744476 43.14779776619798 ;0.0 0.23167136043592 0.0012952266447631318 9.704313386141344E-5 0.0 
40.55785759207276 42.94665886987316 ;0.0 0.22419070720117587 0.0452211361735613 6.224048493518465E-5 4.024413484747123E-5 
40.580621014610955 42.91102391664981 ;2.4908485026892916E-5 0.21712325822885525 0.0 0.0 0.009799568922711133 
40.657310608108425 42.76911864298259 ;2.2248237442214864E-6 0.22756926755812645 0.0030910668346380843 0.0 0.0 
40.78258570620744 42.314129830959175 ;0.0 0.21149477696328678 0.12827101130676433 0.0 0.0 
40.86487066867599 42.277954907935005 ;0.0 0.21672928237585454 0.0 2.502591052531194E-5 0.004412856334289733 
40.88659239845723 42.27465639901872 ;0.0013855327761134414 0.20165717846873313 0.0902239590502775 7.463462706929961E-7 6.16248191791971E-4 
40.99412640912052 42.13246491582259 ;0.0 0.20005568001175417 0.0 5.4738204516507845E-6 0.007084430849346881 
41.05012788027232 42.1219721896169 ;9.570859195984216E-4 0.20359476598111945 0.009676345727924994 0.001097243840104308 7.443433372669585E-4 
41.08654774137833 42.04828861310994 ;0.0 0.21054010961722197 0.0 8.392091806559369E-4 3.3602271342574237E-4 
41.150803747234235 41.459365246078846 ;2.686238683440541E-5 0.18643463864890164 0.1303032712585665 1.3909234811700143E-4 0.006939503753653167 
41.40232323122684 40.75358313075211 ;1.2970273358414414E-5 0.18691966516940556 0.0 0.0 0.011785536237971128 
41.60953184015628 40.738192685908835 ;0.0 0.17366133744006712 0.16611441278462763 6.922508219251609E-4 0.0 
41.71851808442654 40.19666910423952 ;0.0 0.17026147387495016 0.18939934573194064 8.473025206241968E-4 7.245790777044882E-6 
42.07938351131225 40.09599263011176 ;5.133528789926477E-5 0.1741753421602818 0.030400770390640874 0.0 0.0 
42.09754063489026 39.887634056154646 ;1.0478940209767551E-4 0.14594857721263682 0.10543202009301601 1.339723815776353E-5 0.01762771671685288 
42.13328008610624 39.559499285567355 ;7.302817900308969E-5 0.17373955760142934 0.001240946880084498 0.002903523956404216 1.1785951943892037E-5 
42.136407113116576 39.50124251668091 ;0.001129584155845712 0.17018462909038118 0.0 8.386771759086634E-6 7.635377264929273E-4 
42.33853781605023 39.395763674204176 ;3.838281570639549E-6 0.16671882743239297 0.002229228299331934 0.0036514741904983567 0.0 
42.49017419889738 39.39202751970771 ;0.0 0.16771593428650305 0.0023861389323705825 0.0 0.0012805944326447932 
42.49729933619897 39.0350308003466 ;0.0 0.16467613255117625 0.0 9.169684621120207E-5 0.0029616546716772617 
42.57568168434519 38.78098748764155 ;0.0 0.1491349668698317 0.10412543906243321 0.001115328857035534 0.005135838675712042 
42.680006170306626 38.7535009867294 ;0.0 0.12032708665905839 0.10389367272494038 0.0 0.030597588094428856 
42.80190691776279 38.71267759327235 ;0.0 0.1523392695001603 0.11122485418333938 4.653113306212744E-6 0.0 
42.85531017351707 38.406703372780164 ;0.0 0.1532227063087925 0.0 5.566447065591378E-4 0.0031537286733638375 
42.86217443974063 38.28153336952117 ;0.0 0.15483925135816806 0.00475028679857481 0.0 0.0 
42.93833338298384 38.019442927218 ;9.287895638760708E-7 0.14076918768630398 0.16138402739272162 0.0 0.0 
42.964052775781816 37.88815829941021 ;0.0 0.15403917963177965 0.009580960504464164 3.806394739476358E-4 0.0 
42.97005297180953 37.79825885927056 ;3.475771580339383E-4 0.15620743685154104 0.0 1.558104018234648E-4 0.0 
43.26934915271829 37.415789759402934 ;1.269125174843134E-4 0.12206241046665445 0.03169852798846551 0.001344142270740732 0.019176820626253845 
43.28071187423415 37.17576950577203 ;0.0 0.14650769226093394 0.0 0.0015523919216520188 0.0 
43.608782740304655 37.00257073648484 ;3.8048291033403485E-4 0.13015656797085318 0.1250502440385689 0.0012227355931473454 0.0 
43.69750748701441 36.857631964052395 ;5.330323033477422E-5 0.09964505560021635 0.15327299600842748 1.6778799929184437E-6 0.024527150398070942 
43.804136073241416 36.80291235411778 ;2.512792458288133E-4 0.13318062717933563 0.02284156571925882 0.0 0.0 
43.859939700672626 36.323374633597524 ;7.475106690751595E-5 0.12173568805284422 0.13446479324104962 0.0013982427859976021 0.0 
43.90086736823386 36.31160486366318 ;1.2153553715007243E-5 0.12377529575953587 0.04533641194304995 6.20165782054598E-5 0.0045073169905705205 
43.94320695644504 36.28168160373097 ;4.7742618076628365E-4 0.12228789003095258 0.09980983228472495 0.0 0.0 
43.97381107742763 36.15870782976231 ;4.033025800690465E-4 0.11700678440663552 0.0 1.3979302471459195E-4 0.011067492085446815 
44.043316513823726 35.81643312294387 ;4.224756270630304E-6 0.12166945690628331 0.08288351660585232 0.001725033571871697 0.0013312512905524737 
44.102818791900276 35.619751012710104 ;1.3732126255755223E-4 0.10107728976380151 0.3448300716282174 0.0 0.0011532962268008817 
44.25017080171296 35.40590770160533 ;2.5194434675013807E-5 0.115241854636146 0.11361902989805114 6.0911383035569435E-5 0.0020117072695878895 
44.45932416269826 34.868086252415665 ;2.3107407168979056E-4 0.11728509315235401 0.0 1.0950740215234961E-7 0.0026554663319456736 
44.49766223452298 34.76007321139823 ;4.1679770420704865E-5 0.10964229056598386 0.14611458152477574 1.5174848523137773E-4 0.0 
44.784492386802356 34.29739878017203 ;2.8250782852867637E-5 0.1083222014344574 1.221405161634854E-4 0.0 0.007116068537883359 
45.015943380009176 34.11157742248044 ;0.0 0.09024213866016649 0.0 0.0 0.023160557464658352 
45.08895495953619 34.01747323815072 ;0.0 0.1112648080025408 0.0 2.9253011935193745E-6 0.0 
45.16604154656124 33.90095355565477 ;3.779903494732784E-4 0.08398989556654363 0.34869814013405265 1.7097036049883635E-5 5.394823280760984E-4 
45.24343664401529 33.57657157066607 ;0.0 0.09630859076294106 0.0 4.0733531863967545E-5 0.013248098671165446 
45.45212178439343 33.2067351692361 ;0.0016611407832620097 0.09192333395544586 0.08070151252306937 0.0 0.0023737033736925617 
45.479659848667595 32.90180755767985 ;0.0 0.10260655380574521 0.0025911081187585464 0.0 0.0012805944326447932 
45.62487480695935 32.88269716157724 ;0.0 0.09900395876886786 0.003506036561645171 2.1440925940252598E-4 7.554886782568451E-4 
45.771674933691095 32.86108775496523 ;0.0 0.09661375457106951 0.03748250333161547 0.0 0.0 
45.87033292622595 32.66750154117942 ;2.6364567477217635E-5 0.09353345321011852 0.0020612955236500863 7.35423935554882E-5 0.001957652671355823 
45.93229484265491 32.24789312351877 ;2.2509574498723062E-4 0.09237113661704817 0.0 1.658569282600941E-4 0.0011676052689257145 
45.97634413551175 32.041456627297784 ;8.220886551405719E-4 0.08554030133381713 0.09940885485731539 0.0 2.6704579895109597E-4 
46.29917566726665 31.93267726256337 ;2.108494709713511E-5 0.07266773850557745 0.18500494453943972 5.99685136879133E-4 0.00454764547211934 
46.35595339409995 31.796799459551636 ;0.0016358268544428706 0.0714166046914696 0.0 0.0 0.014873856420313192 
46.370907411762516 31.774154167901173 ;0.0 0.056403560077118886 0.0 7.339503426653832E-4 0.03649907334324762 
46.41938343569461 31.679781724587812 ;0.0018306826742463234 0.06812435089302532 0.20874562428234952 5.961243426819312E-4 0.0 
46.43528109755039 31.628905691229026 ;0.0 0.08072052572029859 0.04497633026346079 0.0026080392793512708 0.0 
46.55377198972533 31.4637365662538 ;0.0 0.07090572545557602 0.18700859725832675 0.0 0.0014939150782446176 
46.55467730450852 31.26458482742921 ;0.0 0.07090572545557602 0.18700859725832675 0.0 0.0012607547559043975 
46.62190348084485 31.185220559956733 ;4.0082035330927526E-4 0.048788463047299724 0.0 4.8738100611391737E-4 0.040409323991779454 
46.78625368425146 30.875983640921266 ;1.1641426641384095E-4 0.07992325305331817 0.0 0.001018691515545064 0.0 
47.00340894394848 30.671714801449852 ;0.0 0.06795760970250828 0.040375036784553946 8.682331733346625E-5 0.008922178107381254 
47.02525821019793 30.278371624532085 ;1.320794556627342E-4 0.06271272156614506 0.0015110504502292843 0.0 0.018333563163405255 
47.18330890001245 29.9823557545757 ;2.4126250102521492E-4 0.055901296768143705 0.0 1.7847569500701812E-4 0.022308707119717212 
47.39479127729159 29.889341169521476 ;1.3433967707340765E-7 0.05696801839099458 0.005037869015641072 0.0 0.019651742129696212 
47.46840639173781 29.761303426979403 ;0.0 0.05870552146976782 0.018701253135155832 1.3935552513656014E-5 0.014515047512672685 
47.55677606210782 29.631768483898625 ;8.245088236395742E-5 0.07064182026631534 0.0 5.691445656083773E-6 0.0 
47.62673763338212 29.221882795341806 ;1.9232012198541593E-5 0.046293625759398216 0.11143711015497804 0.0 0.02237611922563676 
47.73808737323847 28.97843965142761 ;0.0 0.0634625650271162 0.0 6.104397492254825E-5 0.004412856334289733 
48.083726221260065 28.960676579682314 ;3.1589832412343074E-6 0.04649028491919721 0.014073415962427026 0.0013562323167032864 0.01846688605117382 
48.14984996511866 28.368698391626385 ;1.428343717954552E-5 0.060047730482801875 0.027121034717708194 1.3470603774406558E-4 6.543510898962637E-4 
48.41920962645478 28.168465285731244 ;0.0 0.04477764383183269 0.07910865552377308 6.76453758316355E-4 0.010177875035837971 
48.50639963542517 27.62947049549263 ;0.0 0.045005501774702306 0.09305044828451592 0.0012556169180734098 0.00798254610814048 
48.63400763879492 27.534008414124425 ;0.0 0.05045861619226063 0.0 0.0 0.006217435655757901 
48.83414732680502 27.39188961332937 ;7.580319611306504E-5 0.04870748195857487 0.07732362130922772 9.442472502514727E-4 0.0 
48.986143116286115 27.381436720103245 ;3.69140649133E-5 0.04538523520723768 0.13228108992837634 6.310299467046559E-6 0.0 
48.988462482635995 26.924424616940957 ;1.5566841865427046E-4 0.03376393179325393 0.012624891819947881 0.0014415033151387738 0.019378007167209266 
49.218643219475766 26.886808937374468 ;0.0 0.04321359769552631 0.001832060883593195 0.0 0.007566075898313545 
49.2429856345068 26.688436580395813 ;0.0 0.04426390405505712 0.023958364872686558 1.921634229179265E-4 0.003609247070586159 
49.24552847554002 26.471224829833705 ;0.0 0.04285087303991173 0.04969795559151868 0.0034016057801815346 0.0 
49.652896095161424 26.029663372060647 ;1.909175573962616E-4 0.04321498019165548 9.145292616435912E-4 3.211368515807666E-5 0.0 
49.766129826724686 25.98339472972898 ;0.0 0.04217389551294802 0.0 0.0 7.201551130560455E-5 
49.84426186655407 25.67094440838448 ;9.366495245784281E-4 0.029415036228104235 0.1602183136785435 0.0 0.0019946559406314544 
49.89015856368984 25.6679411876446 ;3.4469810860283786E-6 0.03762340347442224 0.04697663531762307 5.476857922543676E-4 0.0 
50.00180589866414 25.49953798329992 ;0.0 0.027763633367476115 0.018701253135155832 1.3935552513656014E-5 0.014515047512672685 
50.22503040742329 25.43893321973864 ;1.2761329764016604E-4 0.013896637017097604 0.1302492508385365 0.0 0.023878938410045087 
50.28297496755764 25.148830618539275 ;3.2091968445511034E-4 0.020124570015898437 0.00720730345454608 0.0018430992481177793 0.01723641959039787 
50.43231232859057 25.035270487535023 ;0.0 0.02722982347500339 0.02097413832368955 6.638554733741052E-4 0.007487072000763637 
50.54242762866606 24.753544928958245 ;0.0 0.0201643411302084 0.0 8.794264524602689E-5 0.0190639629981798 
50.76370849260799 24.733301339085727 ;0.0 0.02719632112569155 0.023390540528421544 1.372179806627812E-4 0.003479712083046241 
50.9233397059278 24.18985174241854 ;0.0 0.020967696289373748 0.0 0.0 0.01186097629672691 
50.939808541146455 24.141630753431954 ;0.0 0.021700910464264506 0.07995755689259088 6.196902897623866E-6 0.006268197661397412 
51.1456256768534 24.010256971884445 ;1.319733942460997E-4 0.00827012660400789 0.01020307948265653 1.1136382532856153E-4 0.024167784605666164 
51.160846949713374 23.96096957743385 ;0.0 0.006999648166149428 0.0 4.1117507408657656E-4 0.029314371767090473 
51.48869433246717 23.634569539465602 ;1.933968771607584E-4 0.01192253715658359 7.296531181813676E-4 4.596158526035392E-4 0.016380236112686384 
51.53750676270806 23.367876119566674 ;1.933968771607584E-4 0.01192253715658359 7.296531181813676E-4 1.791506105378309E-4 0.016380236112686384 
51.65815058032712 23.32652454891483 ;0.0 0.013953439597747128 0.15281350224748452 4.239473670865966E-4 0.002553058064221585 
51.87618990514221 23.049724503085702 ;0.0 0.007636809882183293 0.0 0.0 0.01817540995277022 
52.05781265255999 22.814829048761162 ;2.051411481368938E-4 0.01774620492516421 0.0046672850646173256 6.358881190908845E-4 0.0 
52.326379531940404 22.795368671274517 ;2.539436410033201E-4 0.013273863943794807 0.0032789796147616873 1.7860552551315575E-4 0.003126588127207932 
52.4055755083901 22.76899381150968 ;0.0 0.00278738022897862 0.0 0.0 0.01817540995277022 
52.43502708705999 22.366516573784075 ;6.042287258702557E-4 0.014030906149813453 0.0 0.0 6.872081084355635E-6 
52.54449114112462 22.333596510883396 ;0.0 0.0 0.0013069756178744653 1.696186669897583E-4 0.021320969092364472 
52.60509864886901 22.219730831173116 ;2.4052985356739644E-4 0.003691668727110173 0.06192697629284394 0.001554960741790485 0.00808611523220718 
52.68796277931998 22.179807168530697 ;1.0238296934175875E-7 0.0 0.12567013276093636 0.0 0.011913362484149915 
52.68960916960984 21.93561427778129 ;0.0 0.0 0.10982443318320986 0.003847961975320279 0.007304862861678094 
52.75506354140435 21.91000147996436 ;0.0 0.006233483466799944 0.0029865347605469005 2.7533927227540383E-5 0.008881025564732838 
52.83607954968893 21.728201874352287 ;1.3732126255755223E-4 0.0060423278752929355 0.1045655701297055 0.0 0.0011532962268008817 
53.2358078502448 21.278839700055453 ;0.0 0.005582168037277284 0.0025895825604946637 2.2071415339580016E-5 0.004626936388978204 
53.63795168262733 21.088263003678964 ;0.0 0.0 0.046811651498442956 0.0 0.004080485425547568 
53.722697825523305 20.920276863981663 ;9.551203487221028E-6 0.00251066810864995 0.04014755648898119 7.56988941810916E-5 0.0 
53.79733594300926 20.846073359066587 ;3.828177492795411E-4 0.0021790206051200828 0.01651107819867792 0.0 0.0 
53.88483150897087 20.60940822717375 ;7.525694055621206E-5 0.0 0.044127577331389445 3.8692686178694183E-4 0.0015571155148714688 
53.962096383801466 20.50898604252201 ;5.89844501420663E-5 0.0028996530546142422 0.0 0.0 0.0 
54.09700324647919 19.24762520889495 ;0.0 0.0 0.01091437708186882 0.0 2.3277580169624862E-4 
54.14810901798508 17.6866032316263 ;0.0 0.0 0.0 3.2060992570674435E-4 0.0 
54.172056984717784 16.195725342865146 ;0.0 0.0 0.006046299169461669 0.0 1.4100170289784374E-4 
54.1774822683312 15.563266426093822 ;1.57567881909382E-5 0.0 0.0035523128124503303 3.264392444095251E-6 2.457103855865658E-5 
54.180978982661884 14.047964313097836 ;3.038358012718888E-5 0.0 0.0013145628675040114 0.0 5.834600169485468E-5 
54.18131241421893 14.022475565174641 ;8.660899141976018E-5 0.0 0.0 0.0 0.0 
54.18717594213908 6.987785877679349 ;1.744166429561172E-5 0.0 2.768193281389262E-4 0.0 0.0 
54.20470125161483 5.44690312647565 ;2.2269533814242765E-5 0.0 0.0 0.0 0.0 
54.21050135053296 4.322913806606606 ;2.0449864610320758E-5 0.0 0.0 0.0 0.0 
54.24986323243971 3.4922149741549786 ;1.408556633215056E-6 0.0 4.30146241620541E-4 0.0 0.0 
54.255297556719455 2.1385291338709744 ;0.0 0.0 0.0 6.11353433386272E-6 0.0 
54.26029783122085 1.6256954868375508 ;0.0 0.0 0.0 4.674782873589831E-6 0.0 
54.26407595507462 0.9465092529485495 ;2.6418546371494125E-6 0.0 0.0 8.258019731802538E-7 0.0 
54.26918481458196 0.0 ;0.0 0.0 0.0 0.0 0.0 
